,,,,,,,,
Day,Topic,Provider,Lab Duration,Course Link,,,,
Week 1,,,,,,,,
Monday,,,,,,,,
Tuesday,,,,,,,,
Wednesday,,,,,,,,
Thursday,,,,,,,,
Friday,,,,,,,,
Week 2,,,,,,,,
Monday,VPC & Networking,,,,,,,
,[networking fundamentals] - IP Addressing Basics,Udemy,9m,https://amazon.udemy.com/course/aws-networking-amazon-vpc-aws-vpn-hybrid-cloud/learn/lecture/24158648#overview,,,,
,[networking fundamentals] - What is DNS,Udemy,7m,https://amazon.udemy.com/course/aws-certified-solutions-architect-associate-saa-c03/learn/lecture/28384280#overview,,,,
,[networking fundamentals] - The OSI Model,Udemy,5m,https://amazon.udemy.com/course/aws-networking-amazon-vpc-aws-vpn-hybrid-cloud/learn/lecture/24158656#overview,,,,
,[networking fundamentals] - Routing and Switching,Udemy,5m,https://amazon.udemy.com/course/aws-networking-amazon-vpc-aws-vpn-hybrid-cloud/learn/lecture/24158658#overview,,,,
,[networking fundamentals] - NAT,Udemy,5m,https://amazon.udemy.com/course/aws-networking-amazon-vpc-aws-vpn-hybrid-cloud/learn/lecture/24158662#overview,,,,
,[networking fundamentals] - Firewalls,Udemy,4m,https://amazon.udemy.com/course/aws-networking-amazon-vpc-aws-vpn-hybrid-cloud/learn/lecture/24158666#overview,,,,
,AWS Global Infrastructure,Udemy,7m,https://amazon.udemy.com/course/aws-certified-cloud-practitioner-training-course/learn/lecture/42783126#overview,,,,
,Networking in the Cloud,Udemy,9m,https://amazon.udemy.com/course/aws-networking-amazon-vpc-aws-vpn-hybrid-cloud/learn/lecture/24158624#overview,,,,
,VPC overview,Udemy,7m,https://amazon.udemy.com/course/aws-networking-amazon-vpc-aws-vpn-hybrid-cloud/learn/lecture/24158832#overview,,,,
,VPC continued,Udemy,7m,https://amazon.udemy.com/course/aws-certified-cloud-practitioner-training-course/learn/lecture/42785884#overview,,,,
,"Public, Private and Elastic IPs",Udemy,5m,https://amazon.udemy.com/course/aws-certified-cloud-practitioner-training-course/learn/lecture/26140742#overview,,,,
,Hands-on: Working with IP Addresses,Udemy,5m,https://amazon.udemy.com/course/aws-certified-cloud-practitioner-training-course/learn/lecture/37509374#overview,,,,
,SGs and NACLs,Udemy,11m,https://amazon.udemy.com/course/aws-networking-amazon-vpc-aws-vpn-hybrid-cloud/learn/lecture/24158846#overview,,,,
,Hands-on: SGs and NACLs,Udemy,7m,https://amazon.udemy.com/course/aws-networking-amazon-vpc-aws-vpn-hybrid-cloud/learn/lecture/24158850#overview,,,,
,NAT GWs,Udemy,8m,https://amazon.udemy.com/course/aws-certified-cloud-practitioner-training-course/learn/lecture/26140746#overview,,,,
,Hands-on: Deploy NAT GW,Udemy,6m,https://amazon.udemy.com/course/aws-certified-cloud-practitioner-training-course/learn/lecture/37509510#overview,,,,
,Hands-on: Default VPC walkthrough,Udemy,6m,https://amazon.udemy.com/course/aws-networking-amazon-vpc-aws-vpn-hybrid-cloud/learn/lecture/24158834#overview,,,,
,Public and Private Subnets,Udemy,4m,https://amazon.udemy.com/course/aws-networking-amazon-vpc-aws-vpn-hybrid-cloud/learn/lecture/24158836#overview,,,,
,Defining VPC CIDR Blocks,Udemy,5m,https://amazon.udemy.com/course/aws-networking-amazon-vpc-aws-vpn-hybrid-cloud/learn/lecture/24158838#overview,,,,
,Hands-on: Create a Custom VPC with Subnets,Udemy,9m,https://amazon.udemy.com/course/aws-networking-amazon-vpc-aws-vpn-hybrid-cloud/learn/lecture/24158840#overview,,,,
,Hands-on: Configure Routing,Udemy,6m,https://amazon.udemy.com/course/aws-networking-amazon-vpc-aws-vpn-hybrid-cloud/learn/lecture/24158844#overview,,,,
,Route 53 Overview,Udemy,6m,https://amazon.udemy.com/course/aws-certified-solutions-architect-associate-saa-c03/learn/lecture/13528180#overview,,,,
,CloudFront,Udemy,7m,https://amazon.udemy.com/course/aws-certified-cloud-practitioner-training-course/learn/lecture/42785890#overview,,,,
,Hands-on: Create a Secure CloudFront Distribution,Udemy,12m,https://amazon.udemy.com/course/aws-certified-cloud-practitioner-training-course/learn/lecture/42919092#overview,,,,
,VPN & DX,Udemy,5m,https://amazon.udemy.com/course/aws-certified-cloud-practitioner-training-course/learn/lecture/26140758#overview,,,,
,VPC Peering,Udemy,8m,https://amazon.udemy.com/course/aws-certified-cloud-practitioner-training-course/learn/lecture/26140750#overview,,,,
,TGW,Udemy,10m,https://amazon.udemy.com/course/aws-certified-cloud-practitioner-training-course/learn/lecture/26140760#overview,,,,
,VPC Endpoints,Udemy,5m,https://amazon.udemy.com/course/aws-networking-amazon-vpc-aws-vpn-hybrid-cloud/learn/lecture/24169012#overview,,,,
,Hands-on: VPC Endpoints,Udemy,8m,https://amazon.udemy.com/course/aws-networking-amazon-vpc-aws-vpn-hybrid-cloud/learn/lecture/24169018#overview,,,,
,VPC Flow Logs,Udemy,5m,https://amazon.udemy.com/course/aws-certified-solutions-architect-associate-saa-c03/learn/lecture/28874566#overview,,,,
,Quiz (light self-assessment),Udemy,5m,https://amazon.udemy.com/course/aws-certified-cloud-practitioner-training-course/learn/quiz/4749246,,,,
,Quiz (light self-assessment),Udemy,5m,https://amazon.udemy.com/course/aws-certified-advanced-networking-specialty-ans/learn/quiz/5339379#overview,,,,
,Course (free tier) - AWS Networking Basics,SkillBuilder,2h,https://skillbuilder.aws/learn/S1VYRYHD8V/aws-networking-basics/SKP7248UVF,,,,
,Lab (free tier) - Intro to AWS VPC,SkillBuilder,45m,https://skillbuilder.aws/learn/PH6Z6EVH8Z/introduction-to-amazon-virtual-private-cloud-vpc/PA8H7FUE15,,,,
,Lab (free tuer) - Intro to AWS CloudFront,SkillBuilder,1h,https://skillbuilder.aws/learn/NVJ224EA5N/introduction-to-amazon-cloudfront/7JNHFE69BD,,,,
,Lab (free tier) - Build Your First VPC,SkillBuilder,1h30m,https://skillbuilder.aws/learn/R4AK6FUM4D/building-your-first-amazon-virtual-private-cloud-vpc/C5RF3QG2V1,,,,
,Lab (free tier) (SimuLearn) - Networking Concepts,SkillBuilder,1h,https://skillbuilder.aws/learn/XCEMH2NXKJ/aws-simulearn-networking-concepts/QN5P4AJMUV,,,,
,Bastion host overview,Wikipedia,2m,https://en.wikipedia.org/wiki/Bastion_host,,,,
,Exercise: Bastion hosts,AWS Docs,30m,https://docs.aws.amazon.com/vpc/latest/privatelink/getting-started.html,,,,
,,,,,,,,
Tuesday,"EC2, ELB, ASG, Lambda",,,,,,,
,EC2 -,,,,,,,
,ELB -,,,,,,,
,ASG -,,,,,,,
,Serverless introduction,Udemy,2m,https://amazon.udemy.com/course/aws-certified-cloud-practitioner-new/learn/lecture/20056030#overview,,,,
,Serverless services and event-driven architecture,Udemy,3m,https://amazon.udemy.com/course/aws-certified-cloud-practitioner-training-course/learn/lecture/42785868#overview,,,,
,Lambda overview,Udemy,6m,https://amazon.udemy.com/course/aws-certified-cloud-practitioner-new/learn/lecture/20056024#overview,,,,
,Lambda,Udemy,5m,https://amazon.udemy.com/course/aws-certified-cloud-practitioner-training-course/learn/lecture/42785878#overview,,,,
,Hands-on: Lambda 1,Udemy,7m,https://amazon.udemy.com/course/aws-certified-cloud-practitioner-new/learn/lecture/20056026#overview,,,,
,Hands-on: Lambda 2,Udemy,11m,https://amazon.udemy.com/course/aws-certified-cloud-practitioner-training-course/learn/lecture/42918944#overview,,,,
,,,,,,,,
,,,,,,,,
Wednesday,"EBS, S3, and Cloud Storage",,,,,,,
,EBS Overview,Udemy,5m,https://amazon.udemy.com/course/aws-certified-cloud-practitioner-new/learn/lecture/20055762#overview,,,,
,(EBS) About EBS Multi-Attach,Udemy,1m,https://amazon.udemy.com/course/aws-certified-cloud-practitioner-new/learn/lecture/26240664#overview,,,,
,EBS Hands On,Udemy,6m,https://amazon.udemy.com/course/aws-certified-cloud-practitioner-new/learn/lecture/20055776#overview,,,,
,EBS Snapshots Overview,Udemy,3m,https://amazon.udemy.com/course/aws-certified-cloud-practitioner-new/learn/lecture/20055798#overview,,,,
,EBS Snapshots Hands On,Udemy,4m,https://amazon.udemy.com/course/aws-certified-cloud-practitioner-new/learn/lecture/20055802#overview,,,,
,AMI Overview,Udemy,3m,https://amazon.udemy.com/course/aws-certified-cloud-practitioner-new/learn/lecture/20055810#overview,,,,
,AMI Hands On,Udemy,5m,https://amazon.udemy.com/course/aws-certified-cloud-practitioner-new/learn/lecture/20055814#overview,,,,
,EC2 Image Builder Overview,Udemy,3m,https://amazon.udemy.com/course/aws-certified-cloud-practitioner-new/learn/lecture/24682456#overview,,,,
,EC2 Instance Store,Udemy,3m,https://amazon.udemy.com/course/aws-certified-cloud-practitioner-new/learn/lecture/20055816#overview,,,,
,EFS Overview,Udemy,4m,https://amazon.udemy.com/course/aws-certified-cloud-practitioner-new/learn/lecture/20055824#overview,,,,
,FSX Overview,Udemy,3m,https://amazon.udemy.com/course/aws-certified-cloud-practitioner-new/learn/lecture/26623482#overview,,,,
,EC2 Shared Responsibility Model For EC2 Storage,Udemy,2m,https://amazon.udemy.com/course/aws-certified-cloud-practitioner-new/learn/lecture/20055828#overview,,,,
,EC2 Instance Storage Summary,Udemy,2m,https://amazon.udemy.com/course/aws-certified-cloud-practitioner-new/learn/lecture/20260618#overview,,,,
,Section Cleanup,Udemy,2m,https://amazon.udemy.com/course/aws-certified-cloud-practitioner-new/learn/lecture/20207862#overview,,,,
,EC2 Instance Storage Quiz,Udemy,5m,https://amazon.udemy.com/course/aws-certified-cloud-practitioner-new/learn/quiz/4900308#overview,,,,
,S3 Overview,Udemy,6m,https://amazon.udemy.com/course/aws-certified-cloud-practitioner-new/learn/lecture/20055904#overview,,,,
,S3 Hands On,Udemy,7m,https://amazon.udemy.com/course/aws-certified-cloud-practitioner-new/learn/lecture/20055910#overview,,,,
,S3 Website Overview,Udemy,1m,https://amazon.udemy.com/course/aws-certified-cloud-practitioner-new/learn/lecture/20055922#overview,,,,
,S3 Website Hands On,Udemy,2m,https://amazon.udemy.com/course/aws-certified-cloud-practitioner-new/learn/lecture/20055926#overview,,,,
,S3 Versioning Overview,Udemy,1m,https://amazon.udemy.com/course/aws-certified-cloud-practitioner-new/learn/lecture/20055932#overview,,,,
,S3 Versioning Hands On,Udemy,4m,https://amazon.udemy.com/course/aws-certified-cloud-practitioner-new/learn/lecture/20207474#overview,,,,
,S3 Replication Overview,Udemy,1m,https://amazon.udemy.com/course/aws-certified-cloud-practitioner-new/learn/lecture/20055940#overview,,,,
,S3 Replication Hands On,Udemy,5m,https://amazon.udemy.com/course/aws-certified-cloud-practitioner-new/learn/lecture/20207498#overview,,,,
,S3 Storage Classes Overview,Udemy,6m,https://amazon.udemy.com/course/aws-certified-cloud-practitioner-new/learn/lecture/20055948#overview,,,,
,S3 Storage Classes Hands On,Udemy,4m,https://amazon.udemy.com/course/aws-certified-cloud-practitioner-new/learn/lecture/20055952#overview,,,,
,S3 Express One Zone,Udemy,2m,https://amazon.udemy.com/course/aws-certified-cloud-practitioner-new/learn/lecture/51958377#overview,,,,
,S3 Encryption,Udemy,1m,https://amazon.udemy.com/course/aws-certified-cloud-practitioner-new/learn/lecture/29102298#overview,,,,
,AWS Snow Family Overview,Udemy,3m,https://amazon.udemy.com/course/aws-certified-cloud-practitioner-new/learn/lecture/24682476#overview,,,,
,AWS Snow Family Hands On,Udemy,2m,https://amazon.udemy.com/course/aws-certified-cloud-practitioner-new/learn/lecture/24682482#overview,,,,
,Storage Gateway Overview,Udemy,3m,https://amazon.udemy.com/course/aws-certified-cloud-practitioner-new/learn/lecture/20055966#overview,,,,
,S3 Summary,Udemy,2m,https://amazon.udemy.com/course/aws-certified-cloud-practitioner-new/learn/lecture/20260634#overview,,,,
,S3 Quiz,Udemy,5m,https://amazon.udemy.com/course/aws-certified-cloud-practitioner-new/learn/quiz/4900312#overview,,,,
,Lab - Amazon EBS Getting Started,SkillBuilder,1h,https://skillbuilder.aws/learn/VPUZTA8TZ8/amazon-ebs-getting-started/AK8ZW5XVZM,,,,
,Lab - Amazon S3 Getting Started,SkillBuilder,1h,https://skillbuilder.aws/learn/H99Y6PR2F7/amazon-s3-getting-started/TCVDGQFEJR,,,,
,Lab - AWS Simulearn: File Systems In The Cloud,Skillbuilder,1h,https://skillbuilder.aws/learn/A5M8X2CHM3/aws-simulearn-file-systems-in-the-cloud/RAJVAUNMHR?parentId=1UQVR262ZB,,,,
,,,,,,,,
Thursday,"IAM, IAM policies, and S3 policies",,,,,,,
,Digital Course - Introduction to AWS Identity and Access Management (IAM),SkillBuilder,10m,https://skillbuilder.aws/learn/M1QWQ1MURQ/introduction-to-aws-identity-and-access-management-iam/W4W2NQF2AR#,,,,
,Section 4: IAM - Identity and Access Management,Udemy,1h,https://amazon.udemy.com/course/aws-certified-cloud-practitioner-new/learn/lecture/20054584#overview,,,,
,S3 Security: Bucket Policy,Udemy,5m,https://amazon.udemy.com/course/aws-certified-cloud-practitioner-new/learn/lecture/20055916#overview,,,,
,S3 Security: Bucket Policy Hands On,Udemy,3m,https://amazon.udemy.com/course/aws-certified-cloud-practitioner-new/learn/lecture/20055920#overview,,,,
,IAM Access Analyzer for S3,Udemy,1m,https://amazon.udemy.com/course/aws-certified-cloud-practitioner-new/learn/lecture/40515842#overview,,,,
,Shared Responsibility Model for S3,Udemy,1m,https://amazon.udemy.com/course/aws-certified-cloud-practitioner-new/learn/lecture/20055960#overview,,,,
,Lab - Introduction to AWS Identity and Access Management (IAM),SkillBuilder,45m,https://skillbuilder.aws/learn/XFPX3M7HAQ/introduction-to-aws-identity-and-access-management-iam/DQJ3N5QRRU,,,,
,Lab - AWS SimuLearn: Core Security Concepts,Skillbuilder,1h,https://skillbuilder.aws/learn/3KYWQBTSTV/aws-simulearn-core-security-concepts/Q29T2DWZPK,,,,
,Lab - Meeting Simulator: Security & IAM Strategy — Qualifying the Access Management Opportunity,Skillbuilder,1h,https://skillbuilder.aws/learn/D56PFABGAG/meeting-simulator-security--iam-strategy--qualifying-the-access-management-opportunity/T2MC2CWWN1,,,,
,Lab - AWS Identity and Access Management (IAM) - Troubleshooting,Skillbuilder,1h,https://skillbuilder.aws/learn/ESGHTNXQFZ/aws-identity-and-access-management-iam--troubleshooting/3MQXNQUUQ4,,,,
,,,,,,,,
Friday,Free three-tier app lab using floci and docker compose,,,"Lab prototype created, pending further revision",,,,
,,,,,,,,
Week 3,,,,,,,,
Monday,RDS & Relational Databases,,,,,,,
,Getting started with Amazon RDS,AWS Docs,30m,https://docs.aws.amazon.com/AmazonRDS/latest/UserGuide/CHAP_GettingStarted.html,,,,
,Section 9: Databases & Analytics,Udemy,47m,https://amazon.udemy.com/course/aws-certified-cloud-practitioner-new/learn/lecture/20118314#overview,,,,
,Introduction to Building with AWS Databases,SkillBuilder,3h,https://skillbuilder.aws/learn/HYKKWEN9ZS/introduction-to-building-with-aws-databases/V7RVH2KY91,,,,
,AWS Database Offerings,SkillBuilder,4h,https://skillbuilder.aws/learn/C441JQQB8V/aws-database-offerings/2DAN292RB8,,,,
,AWS SimuLearn: Databases in Practice,SkillBuilder,1h,https://skillbuilder.aws/learn/6VTV7UQ6CY/aws-simulearn-databases-in-practice/3M6ZTC32MX,,,,
,Amazon Aurora Labs for PostgreSQL,AWS Workshop,6-8h,https://catalog.workshops.aws/workshops/098605dc-8eee-4e84-85e9-c5c6c9e43de2/en-US,,,,
,Amazon RDS for PostgreSQL,AWS Workshop,8h,https://catalog.workshops.aws/workshops/2a5fc82d-2b5f-4105-83c2-91a1b4d7abfe/en-US,,,,
,,,,,,,,
Tuesday,DynamoDB & NoSQL,,,,,,,
,Lab - Introduction to Amazon DynamoDB,SkillBuilder,45m,https://skillbuilder.aws/learn/6DYXN7K7ZQ/lab--introduction-to-amazon-dynamodb/GZ3EU55RYJ,,,,
,Amazon DynamoDB for Serverless Architectures,SkillBuilder,2h,https://skillbuilder.aws/learn/SY1Y83VKTB/amazon-dynamodb-for-serverless-architectures/K9NM3PHH3S,,,,
,AWS SimuLearn: First NoSQL Database,SkillBuilder,1h,https://skillbuilder.aws/learn/BF6P6UBMK7/aws-simulearn-first-nosql-database/2BYZJD6PTB,,,,
,Amazon DynamoDB Immersion Day,AWS Workshop,4h,https://catalog.workshops.aws/workshops/2eff9da8-f655-4930-8131-6cdf97c688d4/en-US,,,,
,AWS 101 - NoSQL Databases,AWS Workshop,8h,https://catalog.us-east-1.prod.workshops.aws/workshops/31ddd26e-91ae-4ec4-a96a-dec96302b306/en-US,,,,
,,,,,,,,
Wednesday,CloudWatch & CloudTrail,,,,,,,
,Section 14: Cloud Monitoring,Udemy,40m,https://amazon.udemy.com/course/aws-certified-cloud-practitioner-new/learn/lecture/20056176#overview,,,,
,AWS CloudTrail Getting Started,SkillBuilder,1h,https://skillbuilder.aws/learn/6E2F4RVDA2/aws-cloudtrail-getting-started/N24M82M8YF,,,,
,Amazon CloudWatch Getting Started,SkillBuilder,1h,https://skillbuilder.aws/learn/HS1HSVQRHK/amazon-cloudwatch-getting-started/9Y34KP2H1T,,,,
,Introduction to Amazon CloudWatch Logs Insights,SkillBuilder,15m,https://skillbuilder.aws/learning-plan/RP19N68J5Y/aws-cloudwatch-service-learning-plan-includes-labs/JEBJSWQ3QJ,,,,
,Introduction to Amazon CloudWatch Logs,SkillBuilder,30m,https://skillbuilder.aws/learn/H5K7BTCH6K/introduction-to-amazon-cloudwatch-logs/WMQKV8ZS4V,,,,
,Performing a Basic Audit of your AWS Environment,SkillBuilder,1h,https://skillbuilder.aws/learn/3M2AHK66HV/performing-a-basic-audit-of-your-aws-environment/KNPKUSD4HQ?parentId=JEBJSWQ3QJ,,,,
,Scenario: Monitor your estimated charges using CloudWatch,AWS Docs,30m,https://docs.aws.amazon.com/AmazonCloudWatch/latest/monitoring/gs_monitor_estimated_charges_with_cloudwatch.html,,,,
,Securing your network perimeter through observability,AWS Workshop,2h,https://catalog.workshops.aws/workshops/ed8e8b88-c88c-4bdb-adbf-7c61bae45eb4/en-US/30-vpcflowlogs/31-initial-assessment,,,,
,Hands-on experience with Amazon CloudWatch,AWS Workshop,3h,https://catalog.workshops.aws/workshops/6b7b81cc-01fc-4ef8-8427-a03096dc5a81/en-US,,,,
,,,,,,,,
Thursday,Troubleshooting & Cloud Support Best Practices,,,,,,,
,Choosing an AWS Database Service,AWS Docs,30m,https://docs.aws.amazon.com/databases-on-aws-how-to-choose/,,,,
,Section 21: Databases in AWS,Udemy,25m,https://amazon.udemy.com/course/aws-certified-solutions-architect-associate-saa-c03/learn/lecture/13528430#overview,,,,
,Best practices for Amazon RDS,AWS Docs,30m,https://docs.aws.amazon.com/AmazonRDS/latest/UserGuide/CHAP_BestPractices.html,,,,
,Troubleshooting for Amazon RDS,AWS Docs,1h,https://docs.aws.amazon.com/AmazonRDS/latest/UserGuide/CHAP_Troubleshooting.html,,,,
,Best practices for designing and architecting with DynamoDB,AWS Docs,15m per topic,https://docs.aws.amazon.com/amazondynamodb/latest/developerguide/best-practices.html,,,,
,"Section 24: AWS Monitoring & Audit: CloudWatch, CloudTrail & Config",Udemy,1h 20m,https://amazon.udemy.com/course/aws-certified-solutions-architect-associate-saa-c03/learn/lecture/13528432#overview,,,,
,Amazon CloudWatch Troubleshooting,SkillBuilder,1h,https://skillbuilder.aws/learn/H8VEF842SZ/amazon-cloudwatch--troubleshooting/2TNKX3RA83,,,,
,AWS Security Best Practices: Monitoring and Alerting,SkillBuilder,2h,https://skillbuilder.aws/learn/S8ZA3HS5C9/aws-security-best-practices-monitoring-and-alerting/RUKNSXH4C5,,,,
,,,,,,,,
Friday,Service Deep Dive - Presentations,,,,,,,
,,,,,,,,
,,,,,,,,
Week 4,,,,,,,,
Monday,,,,,,,,
Tuesday,,,,,,,,
Wednesday,,,,,,,,
Thursday,,,,,,,,
Friday,,,,,,,,